{
  "loss": [
    1.0522596836090088,
    1.4486777782440186,
    0.8928270936012268,
    1.531519889831543,
    0.987265944480896,
    0.8256685733795166,
    0.7546917200088501,
    0.7246708869934082,
    0.8095919489860535,
    0.4528405964374542,
    0.780299723148346,
    0.5974204540252686,
    0.646969735622406,
    0.6577786207199097,
    0.7235890626907349,
    0.5226975679397583,
    0.4957975149154663,
    0.6532049775123596,
    0.5825929641723633,
    0.490973562002182,
    0.5445467829704285,
    0.3462529182434082,
    0.6583665609359741,
    0.5707487463951111,
    0.5160454511642456,
    0.8077552318572998
  ],
  "accuracy": [
    0.6170212626457214,
    0.40625,
    0.5248227119445801,
    0.46875,
    0.5390070676803589,
    0.6875,
    0.5957446694374084,
    0.65625,
    0.606249988079071,
    0.692307710647583,
    0.6453900933265686,
    0.78125,
    0.7234042286872864,
    0.71875,
    0.695035457611084,
    0.84375,
    0.7730496525764465,
    0.6875,
    0.716312050819397,
    0.8125,
    0.758865237236023,
    0.8125,
    0.673758864402771,
    0.75,
    0.7446808218955994,
    0.75
  ],
  "val_loss": [
    0.6906638741493225,
    0.6780701279640198,
    0.6601845026016235,
    0.6511340141296387,
    0.6519882082939148,
    0.6671943664550781,
    0.7214820384979248,
    0.7072001099586487,
    0.6417936086654663,
    0.6350784301757812,
    0.6414504051208496,
    0.6464039087295532,
    0.6735010743141174,
    0.6895450353622437,
    0.6796121001243591,
    0.6507372260093689,
    0.6446151733398438,
    0.6458690762519836,
    0.6413242816925049,
    0.6461066603660583,
    0.6702821850776672,
    0.6745005249977112,
    0.759914219379425,
    0.7730631232261658,
    0.7575169205665588,
    0.7473475933074951
  ],
  "val_accuracy": [
    0.5909090638160706,
    0.6363636255264282,
    0.6363636255264282,
    0.6363636255264282,
    0.6590909361839294,
    0.7272727489471436,
    0.3636363744735718,
    0.40909090638160706,
    0.6363636255264282,
    0.6363636255264282,
    0.7954545617103577,
    0.75,
    0.6363636255264282,
    0.6363636255264282,
    0.6363636255264282,
    0.6363636255264282,
    0.6363636255264282,
    0.6363636255264282,
    0.6363636255264282,
    0.6363636255264282,
    0.6363636255264282,
    0.6363636255264282,
    0.6363636255264282,
    0.6363636255264282,
    0.6363636255264282,
    0.6363636255264282
  ]
}