{
  "loss": [
    0.6963733434677124,
    0.6729127168655396,
    0.6574509143829346,
    0.6428496837615967,
    0.635363757610321,
    0.630681574344635,
    0.6309738755226135,
    0.6248297691345215,
    0.6110084056854248,
    0.6017948389053345,
    0.5982558131217957,
    0.5890183448791504,
    0.5807496309280396,
    0.5678357481956482,
    0.559069037437439,
    0.5573928952217102,
    0.5359240174293518,
    0.535454511642456,
    0.5114133954048157,
    0.5081648230552673,
    0.5050222277641296,
    0.5278237462043762,
    0.4839994013309479,
    0.49882805347442627,
    0.47864198684692383,
    0.5155190825462341
  ],
  "accuracy": [
    0.4900662302970886,
    0.6423841118812561,
    0.6026490330696106,
    0.6026490330696106,
    0.6026490330696106,
    0.6026490330696106,
    0.6026490330696106,
    0.6026490330696106,
    0.6225165724754333,
    0.6754966974258423,
    0.6754966974258423,
    0.7019867300987244,
    0.7284768223762512,
    0.7417218685150146,
    0.7417218685150146,
    0.7218543291091919,
    0.748344361782074,
    0.7549669146537781,
    0.7615894079208374,
    0.7549669146537781,
    0.7615894079208374,
    0.7350993156433105,
    0.7880794405937195,
    0.7947019934654236,
    0.7615894079208374,
    0.7417218685150146
  ],
  "val_loss": [
    0.6764999628067017,
    0.6378629803657532,
    0.6089792847633362,
    0.5864353179931641,
    0.5737419128417969,
    0.5647318959236145,
    0.5607185959815979,
    0.5615209937095642,
    0.561881422996521,
    0.5550954341888428,
    0.5449435710906982,
    0.5396054983139038,
    0.5330562591552734,
    0.5283839702606201,
    0.537098228931427,
    0.5233059525489807,
    0.5428457260131836,
    0.5299204587936401,
    0.525501012802124,
    0.5477592349052429,
    0.5531816482543945,
    0.5322714447975159,
    0.5586764216423035,
    0.53217613697052,
    0.544205367565155,
    0.5733976364135742
  ],
  "val_accuracy": [
    0.7121211886405945,
    0.7121211886405945,
    0.7121211886405945,
    0.7121211886405945,
    0.7121211886405945,
    0.7121211886405945,
    0.7121211886405945,
    0.7121211886405945,
    0.7424242496490479,
    0.7272727489471436,
    0.7575757503509521,
    0.7878788113594055,
    0.8030303120613098,
    0.8181818127632141,
    0.7727272510528564,
    0.7878788113594055,
    0.7272727489471436,
    0.7727272510528564,
    0.8181818127632141,
    0.7878788113594055,
    0.7878788113594055,
    0.7878788113594055,
    0.7424242496490479,
    0.7727272510528564,
    0.7727272510528564,
    0.7424242496490479
  ]
}